Date,Open,High,Low,Close,Shares Traded,Turnover (Rs. Cr)
07-Jan-19,10804.85,10835.95,10750.15,10771.8,269371080,12731.29
08-Jan-19,10786.25,10818.45,10733.25,10802.15,277697672,13433.48
09-Jan-19,10862.4,10870.4,10749.4,10855.15,333010535,16213.3
10-Jan-19,10859.35,10859.35,10801.8,10821.6,254365477,12031.26
11-Jan-19,10834.75,10850.15,10739.4,10794.95,260792200,13084.6
14-Jan-19,10807,10808,10692.35,10737.6,298774178,12732.57
15-Jan-19,10777.55,10896.95,10777.55,10886.8,310737078,14879.91
16-Jan-19,10899.65,10928.15,10876.9,10890.3,276539042,13081.63
17-Jan-19,10920.85,10930.65,10844.65,10905.2,271676319,13215.83
18-Jan-19,10914.85,10928.2,10852.2,10906.95,323814108,16408.83
21-Jan-19,10919.35,10987.45,10885.75,10961.85,288829125,17289.7
22-Jan-19,10949.8,10949.8,10864.15,10922.75,300768112,17483.62
23-Jan-19,10931.05,10944.8,10811.95,10831.5,298876314,14736.91
24-Jan-19,10844.05,10866.6,10798.65,10849.8,361082096,15298.48
25-Jan-19,10859.75,10931.7,10756.45,10780.55,463444758,20542.36
28-Jan-19,10792.45,10804.45,10630.95,10661.55,419682627,21144.33
29-Jan-19,10653.7,10690.35,10583.65,10652.2,356908994,18832.06
30-Jan-19,10702.25,10710.2,10612.85,10651.8,410107910,21214.81
31-Jan-19,10690.55,10838.05,10678.55,10830.95,604818027,27471.18
01-Feb-19,10851.35,10983.45,10813.45,10893.65,482272661,23112.37
04-Feb-19,10876.75,10927.9,10814.15,10912.25,318300039,15478.81
05-Feb-19,10908.65,10956.7,10886.7,10934.35,268095127,13435.13
06-Feb-19,10965.1,11072.6,10962.7,11062.45,298510497,15172.85
07-Feb-19,11070.45,11118.1,11043.6,11069.4,263544426,13542.69
08-Feb-19,11023.5,11041.2,10925.45,10943.6,352787419,15507.05
11-Feb-19,10930.9,10930.9,10857.1,10888.8,285985383,13818.92
12-Feb-19,10879.7,10910.9,10823.8,10831.4,292314643,14424.78
13-Feb-19,10870.55,10891.65,10772.1,10793.65,321958549,15360.98
14-Feb-19,10786.1,10792.7,10718.75,10746.05,627041405,20797.41
15-Feb-19,10780.25,10785.75,10620.4,10724.4,521876968,20733.95
18-Feb-19,10738.65,10759.9,10628.4,10640.95,345440240,14903.19
19-Feb-19,10636.7,10722.85,10585.65,10604.35,291507060,13765.01
20-Feb-19,10655.45,10752.7,10646.4,10735.45,289195306,13209.71
21-Feb-19,10744.1,10808.85,10721.5,10789.85,279584955,14758.5
22-Feb-19,10782.7,10801.55,10758.4,10791.65,396846597,24386.42
25-Feb-19,10813.25,10887.1,10788.05,10880.1,385905142,16466.09
26-Feb-19,10775.3,10888.75,10729.3,10835.3,414954476,19186.75
27-Feb-19,10881.2,10939.7,10751.2,10806.65,381080073,18313.85
28-Feb-19,10865.7,10865.7,10784.85,10792.5,644159018,27123.34
01-Mar-19,10842.65,10877.9,10823.1,10863.5,308526309,15010.06
05-Mar-19,10864.85,10994.9,10817,10987.45,373220239,17960.03
06-Mar-19,11024.85,11062.3,10998.85,11053,372550850,17850.93
07-Mar-19,11077.95,11089.05,11027.1,11058.2,321208766,15321.68
08-Mar-19,11038.85,11049,11008.95,11035.4,326569833,14369.77
11-Mar-19,11068.75,11180.9,11059.85,11168.05,352242287,17349.95
12-Mar-19,11231.35,11320.4,11227,11301.2,391310519,20861.35
13-Mar-19,11326.2,11352.3,11276.6,11341.7,382996187,20851.67
14-Mar-19,11382.5,11383.45,11313.75,11343.25,294480678,15661.05
15-Mar-19,11376.85,11487,11370.8,11426.85,463704896,25143.26
18-Mar-19,11473.85,11530.15,11412.5,11462.2,320250041,16942.22
19-Mar-19,11500.3,11543.85,11451.25,11532.4,326099667,16179.92
20-Mar-19,11553.35,11556.1,11503.1,11521.05,366298049,18311.44
22-Mar-19,11549.2,11572.8,11434.55,11456.9,386193935,19755.74
25-Mar-19,11395.65,11395.65,11311.6,11354.25,294459196,14101.14
26-Mar-19,11375.2,11496.75,11352.45,11483.25,282575496,14611.68
27-Mar-19,11531.45,11546.2,11413,11445.05,350446089,18356.52
28-Mar-19,11463.65,11588.5,11452.45,11570,527678809,25719.65
29-Mar-19,11625.45,11630.35,11570.15,11623.9,416276981,20515.25
01-Apr-19,11665.2,11738.1,11644.75,11669.15,379572660,18977.99
02-Apr-19,11711.55,11729.35,11655.85,11713.2,386131413,18673.7
03-Apr-19,11735.3,11761,11629.15,11643.95,365760070,19050.95
04-Apr-19,11660.2,11662.55,11559.2,11598,349029830,19713.01
05-Apr-19,11638.4,11689.65,11609.5,11665.95,266665797,15000.35
08-Apr-19,11704.35,11710.3,11549.1,11604.5,260932608,14203.96
09-Apr-19,11612.05,11683.9,11569.7,11671.95,300467538,15984.39
10-Apr-19,11646.85,11680.05,11571.75,11584.3,359941110,22258.46
11-Apr-19,11592.55,11606.7,11550.55,11596.7,279775726,14332.2
12-Apr-19,11612.85,11657.35,11578.8,11643.45,246006184,13598.61
15-Apr-19,11667,11704.6,11648.25,11690.35,289996075,15635.79
16-Apr-19,11736.2,11810.95,11731.55,11787.15,354315040,17585.48
18-Apr-19,11856.15,11856.15,11738.5,11752.8,339653709,18271.27
22-Apr-19,11727.05,11727.05,11583.95,11594.45,260356055,13754.12
23-Apr-19,11612.95,11645.95,11564.8,11575.95,272544486,14500.53
24-Apr-19,11601.5,11740.85,11578.85,11726.15,335196513,17046.66
25-Apr-19,11735.7,11796.75,11624.3,11641.8,604360395,28254.3
26-Apr-19,11683.75,11762.9,11661.75,11754.65,333483764,18098.83
30-Apr-19,11748.75,11756.25,11655.9,11748.15,532630874,23324.98
02-May-19,11725.55,11789.3,11699.55,11724.75,380278045,17790.06
03-May-19,11722.6,11770.9,11699.35,11712.25,305519934,15156.32
06-May-19,11605.8,11632.55,11571.35,11598.25,299046480,14703.42
07-May-19,11651.5,11657.05,11484.45,11497.9,337495624,16632.84
08-May-19,11478.7,11479.1,11346.95,11359.45,372826025,17440.01
09-May-19,11322.4,11357.6,11255.05,11301.8,373028059,17602.86
10-May-19,11314.15,11345.8,11251.05,11278.9,387323416,18085.19
13-May-19,11258.7,11300.2,11125.6,11148.2,357586433,16722.91
14-May-19,11151.65,11294.75,11108.3,11222.05,398122725,19906.38
15-May-19,11271.7,11286.8,11136.95,11157,414174258,17931.75
16-May-19,11180.35,11281.55,11143.35,11257.1,350734572,15629.57
17-May-19,11261.9,11426.15,11259.85,11407.15,412109200,20177.63
20-May-19,11651.9,11845.2,11591.7,11828.25,452096261,25223.78
21-May-19,11863.65,11883.55,11682.8,11709.1,381038129,20324.67
22-May-19,11727.95,11784.8,11682.4,11737.9,355870667,19582.41
23-May-19,11901.3,12041.15,11614.5,11657.05,569030654,31180.08
24-May-19,11748,11859,11658.1,11844.1,374637415,20028.49
27-May-19,11855.5,11957.15,11812.4,11924.75,348356214,17735.36
28-May-19,11958.35,11958.55,11864.9,11928.75,598308334,28833.54
29-May-19,11905.8,11931.9,11836.8,11861.1,318068673,15985.92
30-May-19,11865.3,11968.55,11859.4,11945.9,421199867,20261.85
31-May-19,11999.8,12039.25,11829.45,11922.8,438879129,22789
03-Jun-19,11953.75,12103.05,11920.1,12088.55,315296955,17451.36
04-Jun-19,12052.65,12095.2,12005.85,12021.65,289221904,15308.28
06-Jun-19,12039.8,12039.8,11830.25,11843.75,415206942,21144.77
07-Jun-19,11865.2,11897.5,11769.5,11870.65,302455910,14939.4
10-Jun-19,11934.9,11975.05,11871.75,11922.7,303329445,13125.41
11-Jun-19,11959.85,12000.35,11904.35,11965.6,332181958,15392.28
12-Jun-19,11962.45,11962.45,11866.35,11906.2,283718253,14120.17
13-Jun-19,11873.9,11931.35,11817.05,11914.05,447901993,18680.91
14-Jun-19,11910.1,11911.85,11797.7,11823.3,390294634,16226.57
17-Jun-19,11844,11844.05,11657.75,11672.15,295528399,13851.67
18-Jun-19,11677.05,11727.2,11641.15,11691.5,365525622,16120.69
19-Jun-19,11744.45,11802.5,11625.1,11691.45,446933027,18722.71
20-Jun-19,11653.65,11843.5,11635.05,11831.75,442016954,18839.11
21-Jun-19,11827.6,11827.95,11705.1,11724.1,468430388,23346.13
24-Jun-19,11725.8,11754,11670.2,11699.65,277620788,12631.38
25-Jun-19,11681,11814.4,11651,11796.45,300476353,13822.83
26-Jun-19,11768.15,11871.85,11757.55,11847.55,327885018,14650.89
27-Jun-19,11860.85,11911.15,11821.05,11841.55,480169350,23300.3
28-Jun-19,11861.15,11871.7,11775.5,11788.85,303888701,15191.9
01-Jul-19,11839.9,11884.65,11830.8,11865.6,278415889,12874.96
02-Jul-19,11890.3,11917.45,11814.7,11910.3,363197036,13615.94
03-Jul-19,11932.15,11945.2,11887.05,11916.75,340527508,14290.33
04-Jul-19,11928.8,11969.25,11923.65,11946.75,333595172,14758.87
05-Jul-19,11964.75,11981.75,11797.9,11811.15,530720039,18871.99
08-Jul-19,11770.4,11771.9,11523.3,11558.6,464029444,19146.25
09-Jul-19,11531.6,11582.55,11461,11555.9,442520253,21577.95
10-Jul-19,11536.15,11593.7,11475.65,11498.9,337571014,16098.53
11-Jul-19,11561.45,11599,11519.5,11582.9,317257578,14586.2
12-Jul-19,11601.15,11639.55,11538.6,11552.5,359421182,16947.57
15-Jul-19,11614.75,11618.4,11532.3,11588.35,368788782,15835.99
16-Jul-19,11596.65,11670.05,11573.95,11662.6,480156167,15967.91
17-Jul-19,11670.75,11706.65,11651.15,11687.5,464827734,15250.5
18-Jul-19,11675.6,11677.15,11582.4,11596.9,498258158,16684.03
19-Jul-19,11627.95,11640.35,11399.3,11419.25,446049198,17326.4
22-Jul-19,11392.85,11398.15,11301.25,11346.2,516044335,19304.23
23-Jul-19,11372.25,11398.15,11302.8,11331.05,458931191,19199.32
24-Jul-19,11322.45,11359.75,11229.8,11271.3,413202832,18353.13
25-Jul-19,11290.4,11361.4,11239.35,11252.15,553676897,24329.21
26-Jul-19,11247.45,11307.6,11210.05,11284.3,522670420,20350.38
29-Jul-19,11307.5,11310.95,11152.4,11189.2,482862376,18705.92
30-Jul-19,11213.7,11267.45,11072.65,11085.4,479059399,20545.71
31-Jul-19,11034.05,11145.3,10999.4,11118,536694278,23681.22
01-Aug-19,11060.2,11076.75,10881,10980,499918953,21048.32
02-Aug-19,10930.3,11080.15,10848.95,10997.35,547416246,23972.04
05-Aug-19,10895.8,10895.8,10782.6,10862.6,506556609,20824.1
06-Aug-19,10815.4,11018.55,10813.8,10948.25,517891491,21676.4
07-Aug-19,10958.1,10975.65,10835.9,10855.5,548465787,21228.28
08-Aug-19,10899.2,11058.05,10842.95,11032.45,482471622,20667.6
09-Aug-19,11087.9,11181.45,11062.8,11109.65,538063563,21092.05
13-Aug-19,11139.4,11145.9,10901.6,10925.85,624634647,24790.67
14-Aug-19,11003.25,11078.15,10935.6,11029.4,511541716,19712.81
16-Aug-19,11043.65,11068.65,10924.3,11047.8,470909918,19281.91
19-Aug-19,11094.8,11146.9,11037.85,11053.9,369493161,14120.35
20-Aug-19,11063.9,11076.3,10985.3,11017,444715679,16915.96
21-Aug-19,11018.15,11034.2,10906.65,10918.7,557867906,16747.99
22-Aug-19,10905.3,10908.25,10718.3,10741.35,668193449,18764.38
23-Aug-19,10699.6,10862.55,10637.15,10829.35,667079625,20983.75
26-Aug-19,11000.3,11070.3,10756.55,11057.85,684141923,22375.99
27-Aug-19,11106.55,11141.75,11049.5,11105.35,685551267,27413.16
28-Aug-19,11101.3,11129.65,10987.65,11046.1,549954696,16739.43
29-Aug-19,10996.05,11021.1,10922.4,10948.3,649876160,20127.77
30-Aug-19,10987.8,11042.6,10874.8,11023.25,628154431,21057.31
03-Sep-19,10960.95,10967.5,10772.7,10797.9,483038985,16595.6
04-Sep-19,10790.4,10858.75,10746.35,10844.65,508784352,19195.1
05-Sep-19,10860.95,10920.1,10816,10847.9,595699267,18279.88
06-Sep-19,10883.8,10957.05,10867.45,10946.2,497214445,18167.78
09-Sep-19,10936.7,11028.85,10889.8,11003.05,412471067,14762.07
11-Sep-19,11028.5,11054.8,11011.65,11035.7,687140326,19550.59
12-Sep-19,11058.3,11081.75,10964.95,10982.8,551436050,17510.17
13-Sep-19,10986.8,11084.45,10945.75,11075.9,624305151,18012.76
16-Sep-19,10994.85,11052.7,10968.2,11003.5,434449776,15786.17
17-Sep-19,11000.1,11000.1,10796.5,10817.6,482013044,17721.93
18-Sep-19,10872.8,10885.15,10804.85,10840.65,519155072,16784.43
19-Sep-19,10845.2,10845.2,10670.25,10704.8,642599183,16642.83
20-Sep-19,10746.8,11381.9,10691,11274.2,1356767450,54081.53
23-Sep-19,11542.7,11694.85,11471.35,11600.2,882826741,40005.01
24-Sep-19,11590.7,11655.05,11539.2,11588.2,651722255,26930.07
25-Sep-19,11564.85,11564.95,11416.1,11440.2,629054640,25266.24
26-Sep-19,11469.85,11610.85,11466.35,11571.2,844465614,30707.84
27-Sep-19,11556.35,11593.6,11499.75,11512.4,650017280,19036.94
30-Sep-19,11491.15,11508.25,11390.8,11474.45,756848686,23748.07
01-Oct-19,11515.4,11554.2,11247.9,11359.9,1305415159,28972.72
03-Oct-19,11322.25,11370.4,11257.35,11314,1017479514,21658.38
04-Oct-19,11388.45,11400.3,11158.35,11174.75,928524450,22470.76
07-Oct-19,11196.2,11233.85,11112.65,11126.4,733198763,18641.37
09-Oct-19,11152.95,11321.6,11090.15,11313.3,741148639,20961.54
10-Oct-19,11280.5,11293.35,11208.55,11234.55,562017945,19234.31
11-Oct-19,11257.7,11362.9,11189.4,11305.05,737795150,22511.39
14-Oct-19,11335.9,11420.45,11290.05,11341.15,587579191,17499.48
15-Oct-19,11360.85,11462.35,11342.1,11428.3,527396180,17041.55
16-Oct-19,11464.95,11481.05,11411.1,11464,533468525,18266.06
17-Oct-19,11466.3,11599.1,11439.65,11586.35,797572398,20839.2
18-Oct-19,11580.3,11684.7,11553.15,11661.85,853440208,22315.99
22-Oct-19,11657.15,11714.35,11573.65,11588.35,867601307,29726.27
23-Oct-19,11596.2,11651.6,11554.4,11604.1,664159887,23397.69
24-Oct-19,11661.65,11679.6,11534.65,11582.6,700481662,25177.46
25-Oct-19,11646.15,11646.9,11490.75,11583.9,812027840,23611.51
27-Oct-19,11662.25,11672.4,11604.6,11627.15,161779004,3548.21
29-Oct-19,11643.95,11809.4,11627.35,11786.85,951722529,27054.87
30-Oct-19,11883.9,11883.95,11784.45,11844.1,725219760,22672.18
31-Oct-19,11890.45,11945,11855.1,11877.45,1414837250,31304.73
01-Nov-19,11886.6,11918.3,11843.35,11890.6,855338495,24933.55
04-Nov-19,11928.9,11989.15,11905.35,11941.3,823050457,23203.88
05-Nov-19,11974.6,11978.95,11861.9,11917.2,631952071,20995.88
06-Nov-19,11911.5,12002.9,11850.25,11966.05,603351290,23324.97
07-Nov-19,12021.1,12021.4,11946.85,12012.05,562963817,20898.24
08-Nov-19,11987.15,12034.15,11888.75,11908.15,789254360,22931.52
11-Nov-19,11879.2,11932.65,11853.95,11913.45,548979515,16548.47
13-Nov-19,11908.3,11946.8,11823.2,11840.45,659035969,20401.5
14-Nov-19,11858.75,11895.65,11802.65,11872.1,559494025,19114.86
15-Nov-19,11904.2,11973.65,11879.25,11895.45,580154179,22350.63
18-Nov-19,11915.15,11946.2,11867.6,11884.5,514352437,17991.41
19-Nov-19,11919.45,11958.85,11881.75,11940.1,613909679,21574.84
20-Nov-19,12004.75,12038.6,11966.05,11999.1,646661147,24341.14
21-Nov-19,12025.65,12028.2,11956.9,11968.4,557685781,21609.99
22-Nov-19,11967.3,11968.1,11883.5,11914.4,486815185,19243.57
25-Nov-19,11922.45,12084.5,11919.75,12073.75,534289467,19990.44
26-Nov-19,12110.2,12132.45,12006.35,12037.7,1201335831,46030.62
27-Nov-19,12068.5,12114.9,12055.15,12100.7,584226618,19937.4
28-Nov-19,12132.1,12158.8,12099.95,12151.15,620479403,21229.58
29-Nov-19,12146.2,12147.4,12017.4,12056.05,804430391,21838.04
02-Dec-19,12137.05,12137.15,12023.7,12048.2,720945335,23113.18
03-Dec-19,12067.65,12068.6,11956.4,11994.2,605789334,18203.76
04-Dec-19,11969.95,12054.7,11935.3,12043.2,747193818,22132.83
05-Dec-19,12071.25,12081.2,11998.75,12018.4,562228745,19589.81
06-Dec-19,12047.35,12057.05,11888.85,11921.5,609221205,18245.49
09-Dec-19,11939.1,11981.95,11888.05,11937.5,599115748,16672.87
10-Dec-19,11950.5,11953.2,11844.7,11856.8,650219487,16514.63
11-Dec-19,11867.35,11923.2,11832.3,11910.15,997655048,18760.57
12-Dec-19,11944.3,12005.5,11934,11971.8,752617138,18401.22
13-Dec-19,12026.4,12098.85,12023.6,12086.7,597712516,20626.8
16-Dec-19,12131.35,12134.65,12046.3,12053.95,437703921,16110.34
17-Dec-19,12082.45,12182.75,12070.35,12165,499585789,20968.79
18-Dec-19,12197,12237.7,12163.45,12221.65,518854651,22341.06
19-Dec-19,12223.4,12268.35,12191.15,12259.7,623049839,19761.9
20-Dec-19,12266.45,12293.9,12252.75,12271.8,810676090,25750.24
23-Dec-19,12235.45,12287.15,12213.25,12262.75,604782354,18078.23
24-Dec-19,12269.25,12283.7,12202.1,12214.55,470290298,13864.56
26-Dec-19,12211.85,12221.55,12118.85,12126.55,520326632,16362.31
27-Dec-19,12172.9,12258.45,12157.9,12245.8,383788556,13676.2
30-Dec-19,12274.9,12286.45,12213.8,12255.85,411084614,14556.73
31-Dec-19,12247.1,12247.1,12151.8,12168.45,426931711,14812.89
01-Jan-20,12202.15,12222.2,12165.3,12182.5,304078039,10445.68
02-Jan-20,12198.55,12289.9,12195.25,12282.2,407697594,15256.55
03-Jan-20,12261.1,12265.6,12191.35,12226.65,428770054,16827.27
06-Jan-20,12170.6,12179.1,11974.2,11993.05,396501419,16869.22
07-Jan-20,12079.1,12152.15,12005.35,12052.95,447818617,17797.68
08-Jan-20,11939.1,12044.95,11929.6,12025.35,445991640,18281.15
09-Jan-20,12153.15,12224.05,12132.55,12215.9,477469878,18456.64
10-Jan-20,12271,12311.2,12213.2,12256.8,660627930,18818.62
13-Jan-20,12296.7,12337.75,12285.8,12329.55,500968242,17522.13
14-Jan-20,12333.1,12374.25,12308.7,12362.3,616260555,17948.92
15-Jan-20,12349.4,12355.15,12278.75,12343.3,684352965,17882.51
16-Jan-20,12347.1,12389.05,12315.8,12355.5,395670245,16004.06
17-Jan-20,12328.4,12385.45,12321.4,12352.35,502060615,21397.63
20-Jan-20,12430.5,12430.5,12216.9,12224.55,491609317,21415.43
21-Jan-20,12195.3,12230.05,12162.3,12169.85,443976442,18682.65
22-Jan-20,12218.35,12225.05,12087.9,12106.9,526294513,19758.68
23-Jan-20,12123.75,12189,12094.1,12180.35,867653663,23829.39
24-Jan-20,12174.55,12272.15,12149.65,12248.25,593237908,18032.27
27-Jan-20,12197.1,12216.6,12107,12119,441158138,17988.61
28-Jan-20,12148.1,12163.55,12024.5,12055.8,478484057,20917.62
29-Jan-20,12114.9,12169.6,12103.8,12129.5,514362340,20646.18
30-Jan-20,12147.75,12150.3,12010.6,12035.8,538138743,19372.67
31-Jan-20,12100.4,12103.55,11945.85,11962.1,771278258,26044.91
01-Feb-20,11939,12017.35,11633.3,11661.85,537634767,20598.12
03-Feb-20,11627.45,11749.85,11614.5,11707.9,669815788,25415.26
04-Feb-20,11786.25,11986.15,11783.4,11979.65,560430291,22338.5
05-Feb-20,12005.85,12098.15,11953.35,12089.15,758032580,22998.05
06-Feb-20,12120,12160.6,12084.65,12137.95,565116236,21735.92
07-Feb-20,12151.15,12154.7,12073.95,12098.35,473475144,16339.61
10-Feb-20,12102.35,12103.55,11990.75,12031.5,525674715,17185.14
11-Feb-20,12108.4,12172.3,12099,12107.9,480491557,16209.52
12-Feb-20,12151,12231.75,12144.3,12201.2,412399174,16598.33
13-Feb-20,12219.55,12225.65,12139.8,12174.65,501510138,16315.27
14-Feb-20,12190.15,12246.7,12091.2,12113.45,623053270,20759.51
17-Feb-20,12131.8,12159.6,12037,12045.8,455412408,15439.55
18-Feb-20,12028.25,12030.75,11908.05,11992.5,677307424,18853
19-Feb-20,12090.6,12134.7,12042.1,12125.9,514030605,17610.89
20-Feb-20,12119,12152,12071.45,12080.85,502875583,18831.51
24-Feb-20,12012.55,12012.55,11813.4,11829.4,491224913,19421.04
25-Feb-20,11877.5,11883.05,11779.9,11797.9,461349973,18510.82
26-Feb-20,11738.55,11783.25,11639.6,11678.5,567990976,21887.07
27-Feb-20,11661.25,11663.85,11536.7,11633.3,609266324,21623.47
28-Feb-20,11382,11384.8,11175.05,11201.75,810523106,32297.15
02-Mar-20,11387.35,11433,11036.25,11132.75,681148567,24204.55
03-Mar-20,11217.55,11342.25,11152.55,11303.3,696919348,23281.2
04-Mar-20,11351.35,11356.6,11082.15,11251,798021596,26928.46
05-Mar-20,11306.05,11389.5,11244.6,11269,1353209029,26980.65
06-Mar-20,10942.65,11035.1,10827.4,10989.45,1811564187,26455.29
09-Mar-20,10742.05,10751.55,10294.45,10451.45,1566119057,35151.79
11-Mar-20,10334.3,10545.1,10334,10458.4,1219079693,32548.47
12-Mar-20,10039.95,10040.75,9508,9590.15,1344263317,39283.97
13-Mar-20,9107.6,10159.4,8555.15,9955.2,1389061775,44167.89
16-Mar-20,9587.8,9602.2,9165.1,9197.4,898523271,29181.8
17-Mar-20,9285.4,9403.8,8915.6,8967.05,936185892,28004.16
18-Mar-20,9088.45,9127.55,8407.05,8468.8,1517275761,39256.71
19-Mar-20,8063.3,8575.45,7832.55,8263.45,926508824,34274.23
20-Mar-20,8284.45,8883,8178.2,8745.45,1072263600,37321.25
23-Mar-20,7945.7,8159.25,7583.6,7610.25,654151814,23891.9
24-Mar-20,7848.3,8036.95,7511.1,7801.05,739354439,28282.09
25-Mar-20,7735.15,8376.75,7714.75,8317.85,738114713,28482.01
26-Mar-20,8451,8749.05,8304.9,8641.45,866534643,32228.31
27-Mar-20,8949.1,9038.9,8522.9,8660.25,801923401,31336.86
30-Mar-20,8385.95,8576,8244,8281.1,593953051,24724.44
31-Mar-20,8529.35,8678.3,8358,8597.75,713390935,27401.3
01-Apr-20,8584.1,8588.1,8198.35,8253.8,507509685,21307.3
03-Apr-20,8356.55,8356.55,8055.8,8083.8,697752438,26561.18
07-Apr-20,8446.3,8819.4,8360.95,8792.2,815245226,35206.69
08-Apr-20,8688.9,9131.7,8653.9,8748.75,897562690,37641.68
09-Apr-20,8973.05,9128.35,8904.55,9111.9,743036134,32907.82
13-Apr-20,9103.95,9112.05,8912.4,8993.85,644468815,26749.06
15-Apr-20,9196.4,9261.2,8874.1,8925.3,880159358,41878.64
16-Apr-20,8851.25,9053.75,8821.9,8992.8,720116479,31318.29
17-Apr-20,9323.45,9324,9091.35,9266.75,684910520,33334.73
20-Apr-20,9390.2,9390.85,9230.8,9261.85,726364699,28620.91
21-Apr-20,9016.95,9044.4,8909.4,8981.45,655122903,28273.89
22-Apr-20,9026.75,9209.75,8946.25,9187.3,734383388,33981.82
23-Apr-20,9232.35,9343.6,9170.15,9313.9,666650462,30270.55
24-Apr-20,9163.9,9296.9,9141.3,9154.4,659439249,32859.05
27-Apr-20,9259.7,9377.1,9250.35,9282.3,512793298,26696.54
28-Apr-20,9389.8,9404.4,9260,9380.9,614548983,30091.41
29-Apr-20,9408.6,9599.85,9392.35,9553.35,653026950,31673.23
30-Apr-20,9753.5,9889.05,9731.5,9859.9,931173802,39332.46
04-May-20,9533.5,9533.5,9266.95,9293.5,687487134,29785.95
05-May-20,9429.4,9450.9,9190.75,9205.6,725196178,29700.2
06-May-20,9226.8,9346.9,9116.5,9270.9,722185448,30798.1
07-May-20,9234.05,9277.85,9175.9,9199.05,708740416,59705.53
08-May-20,9376.95,9382.65,9238.2,9251.5,609053504,30743.45
11-May-20,9348.15,9439.9,9219.95,9239.2,704647074,31048.47
12-May-20,9168.85,9240.85,9043.95,9196.55,805458787,37706.27
13-May-20,9584.2,9584.5,9351.1,9383.55,846395245,36488.9
14-May-20,9213.95,9281.1,9119.75,9142.75,602555564,29541.59
15-May-20,9182.4,9182.4,9050,9136.85,575857112,25847.33
18-May-20,9158.3,9158.3,8806.75,8823.25,772983297,33347.46
19-May-20,8961.7,9030.35,8855.3,8879.1,762152894,32026.94
20-May-20,8889.15,9093.8,8875.35,9066.55,622308140,30721.99
21-May-20,9079.45,9178.55,9056.1,9106.25,631542699,28303.51
22-May-20,9067.9,9149.6,8968.55,9039.25,675759336,31625.47
26-May-20,9099.75,9161.65,8996.65,9029.05,654959960,30871.59
27-May-20,9082.2,9334,9004.25,9314.95,763492487,34603.88
28-May-20,9364.95,9511.25,9336.5,9490.1,837911425,37761.91
29-May-20,9422.2,9598.85,9376.9,9580.3,967005438,45006.25
01-Jun-20,9726.85,9931.6,9706.95,9826.15,794183122,38096.92
02-Jun-20,9880.85,9995.6,9824.05,9979.1,770192848,36723.11
03-Jun-20,10108.3,10176.2,10035.55,10061.55,794664422,38343.61
04-Jun-20,10054.25,10123.85,9944.25,10029.1,775106567,36399.04
05-Jun-20,10093.8,10177.8,10040.75,10142.15,987122302,37824.63
08-Jun-20,10326.75,10328.5,10120.25,10167.45,936485541,37819.06
09-Jun-20,10181.15,10291.15,10021.45,10046.65,754217460,36201.05
10-Jun-20,10072.6,10148.75,10036.85,10116.15,632383068,28485.47
11-Jun-20,10094.1,10112.05,9885.05,9902,715453486,30813.85
12-Jun-20,9544.95,9996.05,9544.35,9972.9,796306399,36505.77
15-Jun-20,9919.35,9943.35,9726.35,9813.7,716053036,31926.65
16-Jun-20,10014.8,10046.15,9728.5,9914,899895044,36257.89
17-Jun-20,9876.7,10003.6,9833.8,9881.15,685418390,30700.69
18-Jun-20,9863.25,10111.2,9845.05,10091.65,622895963,28594.32
19-Jun-20,10119,10272.4,10072.65,10244.4,892096343,48103.56
22-Jun-20,10318.75,10393.65,10277.6,10311.2,685385093,35529.8
23-Jun-20,10347.95,10484.7,10301.75,10471,669195109,34148.13
24-Jun-20,10529.25,10553.15,10281.95,10305.3,854799801,41394.45
25-Jun-20,10235.55,10361.8,10194.5,10288.9,994190886,41726.07
26-Jun-20,10378.9,10409.85,10311.25,10383,671910159,31841.68
29-Jun-20,10311.95,10337.95,10223.6,10312.4,574544482,27019.46
30-Jun-20,10382.6,10401.05,10267.35,10302.1,556238560,27342.55
01-Jul-20,10323.8,10447.05,10299.6,10430.05,573550127,28736.28
02-Jul-20,10493.05,10598.2,10485.55,10551.7,597423931,31235.17
03-Jul-20,10614.95,10631.3,10562.65,10607.35,525190704,25186.39
06-Jul-20,10723.85,10811.4,10695.1,10763.65,571212914,29857.54
07-Jul-20,10802.85,10813.8,10689.7,10799.65,636764929,36502.37
08-Jul-20,10818.65,10847.85,10676.55,10705.75,767941333,37676.34
09-Jul-20,10755.55,10836.85,10733,10813.45,618652409,31315.87
10-Jul-20,10764.1,10819.4,10713,10768.05,590705425,31557.58
13-Jul-20,10851.85,10894.05,10756.05,10802.7,554050579,30606.3
14-Jul-20,10750.85,10755.65,10562.9,10607.35,532368699,30902.47
15-Jul-20,10701,10827.45,10577.75,10618.2,715901258,42376.03
16-Jul-20,10706.2,10755.3,10595.2,10739.95,694402635,41453.95
17-Jul-20,10752,10933.45,10749.65,10901.7,676881092,35592.83
20-Jul-20,10999.45,11037.9,10953,11022.2,554306867,32738.64
21-Jul-20,11126.1,11179.55,11113.25,11162.25,771998838,42461.89
22-Jul-20,11231.2,11238.1,11056.55,11132.6,765074288,41068.72
23-Jul-20,11135,11239.8,11103.15,11215.45,621575333,32744.93
24-Jul-20,11149.95,11225.4,11090.3,11194.15,678935175,40217.17
27-Jul-20,11225,11225,11087.85,11131.8,588148687,34539.73
28-Jul-20,11154.1,11317.75,11151.4,11300.55,683891350,38677.47
29-Jul-20,11276.9,11341.4,11149.75,11202.85,600726301,38726.02
30-Jul-20,11254.3,11299.95,11084.95,11102.15,677761342,39150.44
31-Jul-20,11139.5,11150.4,11026.65,11073.45,642560311,36220.09
03-Aug-20,11057.55,11058.05,10882.25,10891.6,680929323,31149.94
04-Aug-20,10946.65,11112.25,10908.1,11095.25,625738313,35357.96
05-Aug-20,11155.75,11225.65,11064.05,11101.65,667639446,34894.58
06-Aug-20,11185.7,11256.8,11127.3,11200.15,600374615,31501.08
07-Aug-20,11186.65,11231.9,11142.05,11214.05,452629891,27054.43
10-Aug-20,11270.25,11337.3,11238,11270.15,491999534,29108.25
11-Aug-20,11322.25,11373.6,11299.15,11322.5,586084846,30314.89
12-Aug-20,11289,11322,11242.65,11308.4,609858960,28088.09
13-Aug-20,11334.85,11359.3,11269.95,11300.45,562355175,26500.52
14-Aug-20,11353.3,11366.25,11111.45,11178.4,645109756,31059.23
17-Aug-20,11248.9,11267.1,11144.5,11247.1,633963958,27468.67
18-Aug-20,11259.8,11401.7,11253.15,11385.35,579242492,27267.51
19-Aug-20,11452.15,11460.35,11394.1,11408.4,626217997,27528.12
20-Aug-20,11317.45,11361.45,11289.8,11312.2,791587770,27676.18
21-Aug-20,11409.65,11418.5,11362.2,11371.6,668719170,26294.26
24-Aug-20,11412,11497.25,11410.65,11466.45,532900535,28920.84
25-Aug-20,11513.1,11525.9,11423.35,11472.25,638152608,28742.82
26-Aug-20,11512.85,11561.75,11461.85,11549.6,743442521,34852.01
27-Aug-20,11609.3,11617.35,11540.6,11559.25,719776490,31580.61
28-Aug-20,11602.95,11686.05,11589.4,11647.6,806997707,39349.92
31-Aug-20,11777.55,11794.25,11325.85,11387.5,1371789450,61668.55
01-Sep-20,11464.3,11553.55,11366.9,11470.25,783769555,36752.54
02-Sep-20,11478.55,11554.75,11430.4,11535,593494423,27454.65
03-Sep-20,11566.2,11584.95,11507.65,11527.45,607115212,26868.26
04-Sep-20,11354.4,11452.05,11303.65,11333.85,681338905,31746.86
07-Sep-20,11359.6,11381.15,11251.7,11355.05,560322964,25959.82
08-Sep-20,11378.55,11437.25,11290.45,11317.35,572239350,27979.7
09-Sep-20,11218.6,11298.15,11185.15,11278,728880693,32660.67
10-Sep-20,11363.3,11464.05,11327.4,11449.25,679419973,39239.1
11-Sep-20,11447.8,11493.5,11419.9,11464.45,554789157,29614.09
14-Sep-20,11540.15,11568.9,11383.55,11440.05,642270123,33996.94
15-Sep-20,11487.2,11535.95,11442.25,11521.8,506667239,28054.51
16-Sep-20,11538.45,11618.1,11516.75,11604.55,527804775,27629.71
17-Sep-20,11539.4,11587.2,11498.5,11516.1,517729494,29674.95
18-Sep-20,11584.1,11584.1,11446.1,11504.95,764154094,48698.68
21-Sep-20,11503.8,11535.25,11218.5,11250.55,602851737,37213.23
22-Sep-20,11301.75,11302.2,11084.65,11153.65,672249921,36296.49
23-Sep-20,11258.75,11259.55,11024.4,11131.85,714925847,35542.98
24-Sep-20,11011,11015.3,10790.2,10805.55,706139506,33623.71
25-Sep-20,10910.4,11072.6,10854.85,11050.25,559597322,31122.18
28-Sep-20,11140.85,11239.35,11099.85,11227.55,472777324,24361.17
29-Sep-20,11288.6,11305.4,11181,11222.4,498295735,26875.14
30-Sep-20,11244.45,11295.4,11184.55,11247.55,499343849,28134.77
01-Oct-20,11364.45,11428.6,11347.05,11416.95,447740006,26212.72
05-Oct-20,11487.8,11578.05,11452.3,11503.35,530597393,31341.55
06-Oct-20,11603.45,11680.3,11564.3,11662.4,561444728,30373.65
07-Oct-20,11679.25,11763.05,11629.35,11738.85,513367516,32935.98
08-Oct-20,11835.4,11905.7,11791.15,11834.6,608768573,38677.49
09-Oct-20,11852.05,11938.6,11805.2,11914.2,611079482,34546.8
12-Oct-20,11973.55,12022.05,11867.2,11930.95,522627571,26586.47
13-Oct-20,11934.65,11988.2,11888.9,11934.5,458304851,29403.22
14-Oct-20,11917.4,11997.2,11822.15,11971.05,569245407,29940.62
15-Oct-20,12023.45,12025.45,11661.3,11680.35,608865041,35175.92
16-Oct-20,11727.4,11789.75,11667.85,11762.45,555764762,30439.19
19-Oct-20,11879.2,11898.25,11820.4,11873.05,541420990,29888.6
20-Oct-20,11861,11949.25,11837.25,11896.8,453560934,28367.34
21-Oct-20,11958.55,12018.65,11775.75,11937.65,623658140,37477.13
22-Oct-20,11890,11939.55,11823.45,11896.45,544901152,33013.17
23-Oct-20,11957.9,11974.55,11908.75,11930.35,502340361,27424.61
26-Oct-20,11937.4,11942.85,11711.7,11767.75,519815905,29316.02
27-Oct-20,11807.1,11899.05,11723,11889.4,616318543,37989.97
28-Oct-20,11922.6,11929.4,11684.85,11729.6,704018608,37025.89
29-Oct-20,11633.3,11744.15,11606.45,11670.8,554959844,30436.62
30-Oct-20,11678.45,11748.95,11535.45,11642.4,553672805,28151.58
02-Nov-20,11697.35,11725.65,11557.4,11669.15,568434165,35714.57
03-Nov-20,11734.45,11836.2,11723.3,11813.5,674303605,36363.95
04-Nov-20,11783.35,11929.65,11756.4,11908.5,667290347,38552.09
05-Nov-20,12062.4,12131.1,12027.6,12120.3,632455414,32311.46
06-Nov-20,12156.65,12280.4,12131.85,12263.55,576837602,34965.94
09-Nov-20,12399.4,12474.05,12367.35,12461.05,553449924,34255.11
10-Nov-20,12556.4,12643.9,12475.25,12631.1,847450692,51247.01
11-Nov-20,12680.6,12769.75,12571.1,12749.15,880475468,54744.55
12-Nov-20,12702.15,12741.15,12624.85,12690.8,622017762,36794.24
13-Nov-20,12659.7,12735.95,12607.7,12719.95,513948665,34568.65
14-Nov-20,12823.35,12828.7,12749.45,12780.25,107868139,5189.38
17-Nov-20,12932.5,12934.05,12797.1,12874.2,707676873,40977.03
18-Nov-20,12860.1,12948.85,12819.35,12938.25,731321438,39856.45
19-Nov-20,12839.5,12963,12745.75,12771.7,768751782,44747.08
20-Nov-20,12813.4,12892.45,12730.25,12859.05,663997267,42992.15
23-Nov-20,12960.3,12968.85,12825.7,12926.45,633117401,42031.38
24-Nov-20,13002.6,13079.1,12978,13055.15,571864976,37094.23
25-Nov-20,13130,13145.85,12833.65,12858.4,679005507,37401.36
26-Nov-20,12906.45,13018,12790.4,12987,549798925,34624.15
27-Nov-20,13012.05,13035.3,12914.3,12968.95,1162360673,78522.93
01-Dec-20,13062.2,13128.4,12962.8,13109.05,583633902,32917.26
02-Dec-20,13121.4,13128.5,12983.55,13113.75,717711761,34008.74
03-Dec-20,13215.3,13216.6,13107.9,13133.9,713688035,39627.71
04-Dec-20,13177.4,13280.05,13152.85,13258.55,640514315,36428.05
07-Dec-20,13264.85,13366.65,13241.95,13355.75,591722966,33578.64
08-Dec-20,13393.85,13435.45,13311.05,13392.95,543165361,33755.81
09-Dec-20,13458.1,13548.9,13449.6,13529.1,502605319,28726.97
10-Dec-20,13488.5,13503.55,13399.3,13478.3,553402501,30400.2
11-Dec-20,13512.3,13579.35,13402.85,13513.85,787707481,33696.57
14-Dec-20,13571.45,13597.5,13472.45,13558.15,558390043,28133.58
15-Dec-20,13547.2,13589.65,13447.05,13567.85,497600393,30828.33
16-Dec-20,13663.1,13692.35,13606.45,13682.7,462151091,27460.18
17-Dec-20,13713.55,13773.25,13673.55,13740.7,416008520,27712.93
18-Dec-20,13764.4,13772.85,13658.6,13760.55,519393189,34803.3
21-Dec-20,13741.9,13777.5,13131.45,13328.4,687255400,38243.62
22-Dec-20,13373.65,13492.05,13192.9,13466.3,696197300,36328.33
23-Dec-20,13473.5,13619.45,13432.2,13601.1,458651819,27073.45
24-Dec-20,13672.15,13771.75,13626.9,13749.25,471367730,24764.35
28-Dec-20,13815.15,13885.3,13811.55,13873.2,403634030,20923.06
29-Dec-20,13910.35,13967.6,13859.9,13932.6,439593961,25154.23
30-Dec-20,13980.9,13997,13864.95,13981.95,380681073,24633.12
31-Dec-20,13970,14024.85,13936.45,13981.75,452410109,26305.82
01-Jan-21,13996.1,14049.85,13991.35,14018.5,258090905,15873.75
04-Jan-21,14104.35,14147.95,13953.75,14132.9,494999295,28705.09
05-Jan-21,14075.15,14215.6,14048.15,14199.5,492475349,30872.87
06-Jan-21,14240.95,14244.15,14039.9,14146.25,632323316,34615.55
07-Jan-21,14253.75,14256.25,14123.1,14137.35,559173512,33446.47
08-Jan-21,14258.4,14367.3,14221.65,14347.25,613472067,37615.19
11-Jan-21,14474.05,14498.2,14383.1,14484.75,672878543,40186.21
12-Jan-21,14473.8,14590.65,14432.85,14563.45,929566952,44976.12
13-Jan-21,14639.8,14653.35,14435.7,14564.85,873956688,44682.93
14-Jan-21,14550.05,14617.8,14471.5,14595.6,620194977,37534.37
15-Jan-21,14594.35,14617.45,14357.85,14433.7,789557216,39912.18
18-Jan-21,14453.3,14459.15,14222.8,14281.3,762043554,41716.22
19-Jan-21,14371.65,14546.05,14350.85,14521.15,546108304,33084.79
20-Jan-21,14538.3,14666.45,14517.55,14644.7,623069963,34639.36
21-Jan-21,14730.95,14753.55,14517.25,14590.35,704646957,41939.04
22-Jan-21,14583.4,14619.9,14357.75,14371.9,776750347,45322.54
25-Jan-21,14477.8,14491.1,14218.6,14238.9,618631493,42278.39
27-Jan-21,14237.95,14237.95,13929.3,13967.5,660711117,40579.24
28-Jan-21,13810.4,13898.25,13713.25,13817.55,637871621,39881.82
29-Jan-21,13946.6,13966.85,13596.75,13634.6,753206122,46918.29
01-Feb-21,13758.6,14336.35,13661.75,14281.2,870529495,51840.22
02-Feb-21,14481.1,14731.7,14469.15,14647.85,914965225,58177.74
03-Feb-21,14754.9,14868.85,14574.15,14789.95,869477087,49312.35
04-Feb-21,14789.05,14913.7,14714.75,14895.65,884686415,47811.8
05-Feb-21,14952.6,15014.65,14864.75,14924.25,935629058,54394.63
08-Feb-21,15064.3,15159.9,15041.05,15115.8,671242694,40483.96
09-Feb-21,15164.15,15257.1,15064.3,15109.3,713279133,41930.72
10-Feb-21,15119.05,15168.25,14977.2,15106.5,624791133,40707.97
11-Feb-21,15073.25,15188.5,15065.4,15173.3,500122414,30933.44
12-Feb-21,15186.2,15243.5,15081,15163.3,571808807,32304.24
15-Feb-21,15270.3,15340.15,15243.4,15314.7,455959720,28955.29
16-Feb-21,15371.45,15431.75,15242.2,15313.45,648545320,36550.03
17-Feb-21,15279.9,15314.3,15170.75,15208.9,504767226,34073.12
18-Feb-21,15238.7,15250.75,15078.05,15118.95,770629541,37093.99
19-Feb-21,15074.8,15144.05,14898.2,14981.75,712213821,37419.34
22-Feb-21,14999.05,15010.1,14635.05,14675.7,609898454,37578.07
23-Feb-21,14782.25,14854.5,14651.85,14707.8,744092809,39508.09
24-Feb-21,14729.15,15008.8,14723.05,14982,403754669,23723.99
25-Feb-21,15079.85,15176.5,15065.35,15097.35,803883875,42983.07
26-Feb-21,14888.6,14919.45,14467.75,14529.15,1103644519,65012.96
01-Mar-21,14702.5,14806.8,14638.55,14761.55,507302977,30030.57
02-Mar-21,14865.3,14959.1,14760.8,14919.1,621723916,34647.26
03-Mar-21,15064.4,15273.15,14995.8,15245.6,544205583,34567.73
04-Mar-21,15026.75,15202.35,14980.2,15080.75,534850447,36036.02
05-Mar-21,14977.95,15092.35,14862.1,14938.1,640700362,37811.6
08-Mar-21,15002.45,15111.15,14919.9,14956.2,580308065,29518.07
09-Mar-21,15049.9,15126.85,14925.45,15098.4,675271251,38365.48
10-Mar-21,15202.15,15218.45,15100.85,15174.8,404585756,25603.32
12-Mar-21,15321.15,15336.3,14953.6,15030.95,493238854,32195.96
15-Mar-21,15048.4,15048.4,14745.85,14929.5,467473367,28118
16-Mar-21,14996.1,15051.6,14890.65,14910.45,437651327,27975.07
17-Mar-21,14946.55,14956.55,14696.05,14721.3,479352147,27983.5
18-Mar-21,14855.5,14875.2,14478.6,14557.85,542216908,31339.71
19-Mar-21,14471.15,14788.25,14350.1,14744,919178208,49011.27
22-Mar-21,14736.3,14763.9,14597.85,14736.4,458997059,27345.02
23-Mar-21,14768.55,14878.6,14707,14814.75,474150088,30322.09
24-Mar-21,14712.45,14752.35,14535,14549.4,456403503,27868.93
25-Mar-21,14570.9,14575.6,14264.4,14324.9,606820996,35350.22
26-Mar-21,14506.3,14572.9,14414.25,14507.3,481000845,29423.45
30-Mar-21,14628.5,14876.3,14617.6,14845.1,594520567,35117.93
31-Mar-21,14811.85,14813.75,14670.25,14690.7,436874691,29741.83
01-Apr-21,14798.4,14883.2,14692.45,14867.35,430028476,29585.23
05-Apr-21,14837.7,14849.85,14459.5,14637.8,500476690,33885.39
06-Apr-21,14737,14779.1,14573.9,14683.5,474211156,31885.97
07-Apr-21,14716.45,14879.8,14649.85,14819.05,476382016,35184.96
08-Apr-21,14875.65,14984.15,14821.1,14873.8,503728173,34444.56
09-Apr-21,14882.65,14918.45,14785.65,14834.85,498347599,35010.36
12-Apr-21,14644.65,14652.5,14248.7,14310.8,638475842,43433.24
13-Apr-21,14364.9,14528.9,14274.9,14504.8,588666016,40846.57
15-Apr-21,14522.4,14597.55,14353.2,14581.45,556851211,40177.25
16-Apr-21,14599.6,14697.7,14559,14617.85,568568743,36653.65
19-Apr-21,14306.6,14382.3,14191.4,14359.45,503142904,34751.95
20-Apr-21,14526.7,14526.95,14207.3,14296.4,456704716,34687.11
22-Apr-21,14219.15,14424.75,14151.4,14406.15,516985252,37235.71
23-Apr-21,14326.35,14461.15,14273.3,14341.35,476613608,31894.66
26-Apr-21,14449.45,14557.5,14421.3,14485,448533329,33156.16
27-Apr-21,14493.8,14667.55,14484.85,14653.05,442211685,32181.14
28-Apr-21,14710.5,14890.25,14694.95,14864.55,453990807,37650.11
29-Apr-21,14979,15044.35,14814.45,14894.9,511466673,41597.37
30-Apr-21,14747.35,14855.45,14601.7,14631.1,594744498,40335.86
01-Jun-21,15629.65,15660.75,15528.3,15574.85,409562322,27964.09
02-Jun-21,15520.35,15597.45,15459.85,15576.2,428641666,28781.87
03-Jun-21,15655.55,15705.1,15611,15690.35,410240584,27519.48
04-Jun-21,15712.5,15733.6,15622.35,15670.25,414162241,25363.03
07-Jun-21,15725.1,15773.45,15678.1,15751.65,393970049,25411.48
08-Jun-21,15773.9,15778.8,15680,15740.1,378164658,24172.13
09-Jun-21,15766.3,15800.45,15566.9,15635.35,457855735,26926.49
10-Jun-21,15692.1,15751.25,15648.5,15737.75,298297041,23032.9
11-Jun-21,15796.45,15835.55,15749.8,15799.35,363011297,24591.69
14-Jun-21,15791.4,15823.05,15606.5,15811.85,392862037,28001.5
15-Jun-21,15866.95,15901.6,15842.4,15869.25,323262818,22181.26
16-Jun-21,15847.5,15880.85,15742.6,15767.55,340191175,22505.95
17-Jun-21,15648.3,15769.35,15616.75,15691.4,357649243,26048.47
18-Jun-21,15756.5,15761.5,15450.9,15683.35,640821642,42024.55
21-Jun-21,15525.85,15765.15,15505.65,15746.5,351530072,22525.89
22-Jun-21,15840.5,15895.75,15752.1,15772.75,322237561,24440.47
23-Jun-21,15862.8,15862.95,15673.95,15686.95,287536735,23222.94
24-Jun-21,15737.3,15821.4,15702.7,15790.45,316662241,29623.58
25-Jun-21,15839.35,15870.8,15772.3,15860.35,314614380,26933.22
28-Jun-21,15915.35,15915.65,15792.15,15814.7,255099272,18713.41
29-Jun-21,15807.5,15835.9,15724.05,15748.45,360334724,24392.13
30-Jun-21,15776.9,15839.1,15708.75,15721.5,262386323,20379.76
01-Jul-21,15755.05,15755.55,15667.05,15680,224921644,17359.97
02-Jul-21,15705.85,15738.35,15635.95,15722.2,254808999,18015.42
05-Jul-21,15793.4,15845.95,15762.05,15834.35,207032153,14976.54
06-Jul-21,15813.75,15914.2,15801,15818.25,391410742,24456.05
07-Jul-21,15819.6,15893.55,15779.7,15879.65,329308646,22259.96
08-Jul-21,15855.4,15885.75,15682.9,15727.9,307928495,19597.95
09-Jul-21,15688.25,15730.85,15632.75,15689.8,243249366,19976.86
12-Jul-21,15766.8,15789.2,15644.75,15692.6,216272488,18482.89
13-Jul-21,15794,15820.8,15744.6,15812.35,246676549,18205.97
14-Jul-21,15808.7,15877.35,15764.2,15853.95,239924352,18372.84
15-Jul-21,15872.15,15952.35,15855,15924.2,284851049,20961.37
16-Jul-21,15958.35,15962.25,15882.6,15923.4,276298105,18758.13
19-Jul-21,15754.5,15836.9,15707.5,15752.4,242131813,18088.78
20-Jul-21,15703.95,15728.45,15578.55,15632.1,274284165,21329.55
22-Jul-21,15736.6,15834.8,15726.4,15824.05,265250867,23988.39
23-Jul-21,15856.8,15899.8,15768.4,15856.05,294098244,20685.82
26-Jul-21,15849.3,15893.35,15797,15824.45,267076679,19487.18
27-Jul-21,15860.5,15881.55,15701,15746.45,311012065,26117.34
28-Jul-21,15761.55,15767.5,15513.45,15709.4,318601589,26090.48
29-Jul-21,15762.7,15817.35,15737.8,15778.45,401584915,29460.54
30-Jul-21,15800.6,15862.8,15744.85,15763.05,400021237,30539.63
02-Aug-21,15874.9,15892.9,15834.65,15885.15,244847433,20766.99
03-Aug-21,15951.55,16146.9,15914.35,16130.75,341289658,26373.24
04-Aug-21,16195.25,16290.2,16176.15,16258.8,427337644,32434.78
05-Aug-21,16288.95,16349.45,16210.3,16294.6,418174517,31386.78
06-Aug-21,16304.4,16336.75,16223.3,16238.2,320087281,24716.17
09-Aug-21,16281.35,16320.75,16179.05,16258.25,240452917,18302.03
10-Aug-21,16274.8,16359.25,16202.25,16280.1,287989486,22600.38
11-Aug-21,16327.3,16338.75,16162.55,16282.25,277895886,20306.59
12-Aug-21,16303.65,16375.5,16286.9,16364.4,280181324,18548.87
13-Aug-21,16385.7,16543.6,16376.3,16529.1,321866286,27163.08
16-Aug-21,16518.4,16589.4,16480.75,16563.05,254049330,21456.2
17-Aug-21,16545.25,16628.55,16495.4,16614.6,297388470,25696.44
18-Aug-21,16691.95,16701.85,16535.85,16568.85,251796822,22721.54
20-Aug-21,16382.5,16509.55,16376.05,16450.5,350819323,30118.23
23-Aug-21,16592.25,16592.5,16395.7,16496.45,275597782,24355.77
24-Aug-21,16561.4,16647.1,16495.3,16624.6,275362819,24992.32
25-Aug-21,16654,16712.45,16617.5,16634.65,265920141,22210.6
26-Aug-21,16627.95,16683.7,16603.4,16636.9,253530997,22320.21
27-Aug-21,16642.55,16722.05,16565.6,16705.2,217405743,20499.85
30-Aug-21,16775.85,16951.5,16764.85,16931.05,283483108,23615.87
31-Aug-21,16947.5,17153.5,16915.85,17132.2,464390247,40147.89
01-Sep-21,17185.6,17225.75,17055.05,17076.25,301894634,27691.93
02-Sep-21,17095.4,17245.5,17059.7,17234.15,242377518,22620.36
03-Sep-21,17262.45,17340.1,17212.2,17323.6,261373795,23579.17
06-Sep-21,17399.35,17429.55,17345.55,17377.8,228045532,21270.62
07-Sep-21,17401.55,17436.5,17287,17362.1,243417811,19848.94
08-Sep-21,17375.75,17383.4,17254.2,17353.5,252652423,22696.35
09-Sep-21,17312.85,17379.65,17302.7,17369.25,241509352,17719.78
13-Sep-21,17363.55,17378.35,17269.15,17355.3,241053924,18498.63
14-Sep-21,17420.35,17438.55,17367.05,17380,230354386,18702.82
15-Sep-21,17387.65,17532.7,17386.9,17519.45,388191629,24256.8
16-Sep-21,17539.2,17644.6,17510.45,17629.5,503310763,30189.77
17-Sep-21,17709.65,17792.95,17537.65,17585.15,508285916,43345.58
20-Sep-21,17443.85,17622.75,17361.8,17396.9,339102046,25304.27
21-Sep-21,17450.5,17578.35,17326.1,17562,363578479,26520.99
22-Sep-21,17580.9,17610.45,17524,17546.65,295191136,21772.23
23-Sep-21,17670.85,17843.9,17646.55,17822.95,320514486,25005.36
24-Sep-21,17897.45,17947.65,17819.4,17853.2,360130853,30787.59
27-Sep-21,17932.2,17943.5,17802.9,17855.1,295714657,24244.98
28-Sep-21,17906.45,17912.85,17576.1,17748.6,397997281,27055.36
29-Sep-21,17657.95,17781.75,17608.15,17711.3,562237732,30621.28
30-Sep-21,17718.9,17742.15,17585.35,17618.15,378592721,27167.19
01-Oct-21,17531.9,17557.15,17452.9,17532.05,305763919,20911.61
04-Oct-21,17615.55,17750.9,17581.35,17691.25,295761839,21343.51
05-Oct-21,17661.35,17833.45,17640.9,17822.3,427000191,23066.8
06-Oct-21,17861.5,17884.6,17613.15,17646,395833550,24504.3
07-Oct-21,17810.55,17857.55,17763.8,17790.35,419890959,27371.98
08-Oct-21,17886.85,17941.85,17840.35,17895.2,324066351,22778.68
11-Oct-21,17867.55,18041.95,17839.1,17945.95,375756457,29000.2
12-Oct-21,17915.8,18008.65,17864.95,17991.95,355568313,26491.42
13-Oct-21,18097.85,18197.8,18050.75,18161.75,506679748,34503
14-Oct-21,18272.85,18350.75,18248.7,18338.55,538714440,38903.16
18-Oct-21,18500.1,18543.15,18445.3,18477.05,469883515,36800.84
19-Oct-21,18602.35,18604.45,18377.7,18418.75,368230309,30505.86
20-Oct-21,18439.9,18458.3,18209.35,18266.6,371276478,28968.42
21-Oct-21,18382.7,18384.2,18048,18178.1,365902008,30839.79
22-Oct-21,18230.7,18314.25,18034.35,18114.9,324748084,26938.88
25-Oct-21,18229.5,18241.4,17968.5,18125.4,418703647,34572.34
26-Oct-21,18154.5,18310.45,18099.3,18268.4,341377869,29764.61
27-Oct-21,18295.85,18342.05,18167.9,18210.95,335248487,30823.75
28-Oct-21,18187.65,18190.7,17799.45,17857.25,374205784,30222.34
29-Oct-21,17833.05,17915.85,17613.1,17671.65,336466864,28136
01-Nov-21,17783.15,17954.1,17697.1,17929.65,281190130,24354.38
02-Nov-21,17970.9,18012.25,17847.6,17888.95,296441997,23371.51
03-Nov-21,17947.95,17988.75,17757.95,17829.2,330995982,26186.85
04-Nov-21,17935.05,17947.55,17900.6,17916.8,48520856,3637.06
08-Nov-21,18040.2,18087.8,17836.1,18068.55,338919483,30908.23
09-Nov-21,18084.35,18112.6,17983.05,18044.25,270197527,23686.09
10-Nov-21,17973.45,18061.25,17915,18017.2,261446523,22281.11
11-Nov-21,17967.45,17971.35,17798.2,17873.6,232121151,20074.78
12-Nov-21,17977.6,18123,17905.9,18102.75,249111898,22164.33
15-Nov-21,18140.95,18210.15,18071.3,18109.45,280428633,19099.6
16-Nov-21,18127.05,18132.65,17958.8,17999.2,267431829,24101.67
17-Nov-21,17939.35,18022.65,17879.25,17898.65,295715938,22950.84
18-Nov-21,17890.55,17945.6,17688.5,17764.8,278425148,22625.36
22-Nov-21,17796.25,17805.25,17280.45,17416.55,356400425,29570.57
23-Nov-21,17281.75,17553.7,17216.1,17503.35,308843255,26240.41
24-Nov-21,17550.05,17600.6,17354,17415.05,298052158,23766.93
25-Nov-21,17417.3,17564.35,17351.7,17536.25,255947032,21953.33
26-Nov-21,17338.75,17355.4,16985.7,17026.45,356330009,28485.53
29-Nov-21,17055.8,17160.7,16782.4,17053.95,348888750,27428.2
30-Nov-21,17051.15,17324.65,16931.4,16983.2,497999836,41494.9
01-Dec-21,17104.4,17213.05,17064.25,17166.9,295542125,24098.73
02-Dec-21,17183.2,17420.35,17149.3,17401.65,279867500,22473.64
03-Dec-21,17424.9,17489.8,17180.8,17196.7,292526485,23100.57
06-Dec-21,17209.05,17216.75,16891.7,16912.25,231716681,17912.15
07-Dec-21,17044.1,17251.65,16987.75,17176.7,254144221,21693.69
08-Dec-21,17315.25,17484.6,17308.95,17469.75,257791948,21665.95
09-Dec-21,17524.4,17543.25,17379.6,17516.85,237170272,18984.75
10-Dec-21,17476.05,17534.35,17405.25,17511.3,204467484,16399.53
13-Dec-21,17619.1,17639.5,17355.95,17368.25,256560534,20592.03
14-Dec-21,17283.2,17376.2,17225.8,17324.9,270965586,20459.79
15-Dec-21,17323.65,17351.2,17192.2,17221.4,214972109,17046.42
16-Dec-21,17373,17379.35,17184.95,17248.4,219496063,18493.54
17-Dec-21,17276,17298.15,16966.45,16985.2,354591366,31326.91
20-Dec-21,16824.25,16840.1,16410.2,16614.2,330614079,25123.59
21-Dec-21,16773.15,16936.4,16688.25,16770.85,241030834,19783.04
22-Dec-21,16865.55,16971,16819.5,16955.45,207946105,17443.94
23-Dec-21,17066.8,17118.65,17015.55,17072.6,196965302,15755.89
24-Dec-21,17149.5,17155.6,16909.6,17003.75,182564833,15435.01
27-Dec-21,16937.75,17112.05,16833.2,17086.25,144777457,12567.03
28-Dec-21,17177.6,17250.25,17161.15,17233.25,176026100,14553.76
29-Dec-21,17220.1,17285.95,17176.65,17213.6,161679423,14320.79
30-Dec-21,17201.45,17264.05,17146.35,17203.95,320831676,21929.19
31-Dec-21,17244.5,17400.8,17238.5,17354.05,167025720,14588.54
03-Jan-22,17387.15,17646.65,17383.3,17625.7,200456430,16181.36
04-Jan-22,17681.4,17827.6,17593.55,17805.25,247437472,18604.16
05-Jan-22,17820.1,17944.7,17748.85,17925.25,251460038,23737.31
06-Jan-22,17768.5,17797.95,17655.55,17745.9,236454824,22643.82
07-Jan-22,17797.6,17905,17704.55,17812.7,239338015,21447.89
10-Jan-22,17913.3,18017.45,17879.15,18003.3,232418075,20853.64
11-Jan-22,17997.75,18081.25,17964.4,18055.75,220238796,20781.46
12-Jan-22,18170.4,18227.95,18128.8,18212.35,244974287,22298.69
13-Jan-22,18257,18272.25,18163.8,18257.8,303700545,28670.93
14-Jan-22,18185,18286.95,18119.65,18255.75,229451608,21024.51
17-Jan-22,18235.65,18321.55,18228.75,18308.1,266702919,23859.38
18-Jan-22,18337.2,18350.95,18085.9,18113.05,227507319,20852.67
19-Jan-22,18129.2,18129.2,17884.9,17938.4,276662654,25310.19
20-Jan-22,17921,17943.7,17648.45,17757,258094246,25863.29
21-Jan-22,17613.7,17707.6,17485.85,17617.15,277645373,25941.64
24-Jan-22,17575.15,17599.4,16997.85,17149.1,323847388,28387.73
25-Jan-22,17001.55,17309.15,16836.8,17277.95,326515896,31344.46
27-Jan-22,17062,17182.5,16866.75,17110.15,395596577,36296.64
28-Jan-22,17208.3,17373.5,17077.1,17101.95,355284285,29799.89
31-Jan-22,17301.05,17410,17264.15,17339.85,321660346,25474.13
01-Feb-22,17529.45,17622.4,17244.55,17576.85,386391485,30033.66
02-Feb-22,17706.2,17794.6,17674.8,17780,271205907,23611.59
03-Feb-22,17767.75,17781.15,17511.15,17560.2,226614989,20373.06
04-Feb-22,17590.2,17617.8,17462.55,17516.3,261434170,20651.85
07-Feb-22,17456.3,17536.75,17119.4,17213.6,265037933,21925.11
08-Feb-22,17279.85,17306.45,17043.65,17266.75,268526210,23846.16
09-Feb-22,17370.1,17477.15,17339,17463.8,236350514,19327.67
10-Feb-22,17554.1,17639.45,17427.15,17605.85,273606440,22210.93
11-Feb-22,17451,17454.75,17303,17374.75,253141660,23230.82
14-Feb-22,17076.15,17099.5,16809.65,16842.8,305510740,24976.16
15-Feb-22,16933.25,17375,16839.25,17352.45,298658142,24765.67
16-Feb-22,17408.45,17490.6,17257.7,17322.2,244549223,21128.38
17-Feb-22,17396.55,17442.9,17235.85,17304.6,232136131,19381.26
18-Feb-22,17236.05,17380.8,17219.2,17276.3,189620888,16126.96
21-Feb-22,17192.25,17351.05,17070.7,17206.65,215183301,18725.57
22-Feb-22,16847.95,17148.55,16843.8,17092.2,300131995,24040.84
23-Feb-22,17194.5,17220.7,17027.85,17063.25,200229631,17662.47
24-Feb-22,16548.9,16705.25,16203.25,16247.95,457967874,36650.83
25-Feb-22,16515.65,16748.8,16478.3,16658.4,329780732,25743.77
28-Feb-22,16481.6,16815.9,16356.3,16793.9,404214666,33831.57
02-Mar-22,16593.1,16678.5,16478.65,16605.95,517723542,39407.44
03-Mar-22,16723.2,16768.95,16442.95,16498.05,442068263,31413
04-Mar-22,16339.45,16456,16133.8,16245.35,456143040,34821.1
07-Mar-22,15867.95,15944.6,15711.45,15863.15,585403660,38038.75
08-Mar-22,15747.75,16028.75,15671.45,16013.45,543600673,38704.4
09-Mar-22,16078,16418.05,15990,16345.35,462231428,35329.34
10-Mar-22,16757.1,16757.3,16447.9,16594.9,486445481,35513.73
11-Mar-22,16528.8,16694.4,16470.9,16630.45,343717045,24720.34
14-Mar-22,16633.7,16887.95,16606.5,16871.3,314669685,23824.02
15-Mar-22,16900.65,16927.75,16555,16663,381631902,29731.09
16-Mar-22,16876.65,16987.9,16837.85,16975.35,259973396,21361.32
17-Mar-22,17202.9,17344.6,17175.75,17287.05,448335248,35367.28
21-Mar-22,17329.5,17353.35,17096.4,17117.6,285451208,22886.39
22-Mar-22,17120.4,17334.4,17006.3,17315.5,338263468,27347.6
23-Mar-22,17405.05,17442.4,17199.6,17245.65,292120348,24705.28
24-Mar-22,17094.95,17291.75,17091.15,17222.75,290280124,25011.72
25-Mar-22,17289,17294.9,17076.55,17153,237115741,20031.39
28-Mar-22,17181.85,17235.1,17003.9,17222,253240837,19976.26
29-Mar-22,17297.2,17343.65,17235.7,17325.3,235149625,20305.78
30-Mar-22,17468.15,17522.5,17387.2,17498.25,505031841,28907.47
31-Mar-22,17519.2,17559.8,17435.2,17464.75,281111679,24032.07
01-Apr-22,17436.9,17703.7,17422.7,17670.45,291773447,21132.13
04-Apr-22,17809.1,18114.65,17791.4,18053.4,345526502,38623.94
05-Apr-22,18080.6,18095.45,17921.55,17957.4,283453612,25096.7
06-Apr-22,17842.75,17901,17779.85,17807.65,328824420,24252.48
07-Apr-22,17723.3,17787.5,17623.7,17639.55,308840215,26236.91
08-Apr-22,17698.15,17842.75,17600.55,17784.35,274447433,25608.1
11-Apr-22,17740.9,17779.05,17650.95,17674.95,251701846,21001.58
12-Apr-22,17584.85,17595.3,17442.35,17530.3,266029060,23958.77
13-Apr-22,17599.9,17663.65,17457.4,17475.65,245061941,20229.83
18-Apr-22,17183.45,17237.75,17067.85,17173.65,376130248,30154.62
19-Apr-22,17258.95,17275.65,16824.7,16958.65,401399563,35467.13
20-Apr-22,17045.25,17186.9,16978.95,17136.55,286069736,25972.15
21-Apr-22,17234.6,17414.7,17215.5,17392.6,285200022,24999.9
22-Apr-22,17242.75,17315.3,17149.2,17171.95,262739740,23371.7
25-Apr-22,17009.05,17054.3,16888.7,16953.95,275685925,22699.65
26-Apr-22,17121.3,17223.85,17064.45,17200.8,261065753,22079.92
27-Apr-22,17073.35,17110.7,16958.45,17038.4,265140480,25373.8
28-Apr-22,17189.5,17322.5,17071.05,17245.05,312914417,28488.87
29-Apr-22,17329.25,17377.65,17053.25,17102.55,336243642,29582.86
02-May-22,16924.45,17092.25,16917.25,17069.1,278155513,21222.64
04-May-22,17096.6,17132.85,16623.95,16677.6,310632799,27405.52
05-May-22,16854.75,16945.7,16651.85,16682.65,265793403,21792.91
06-May-22,16415.55,16484.2,16340.9,16411.25,300527719,25472.95
09-May-22,16227.7,16403.7,16142.1,16301.85,288402950,23274.74
10-May-22,16248.9,16404.55,16197.3,16240.05,283061200,22685.27
11-May-22,16270.05,16318.75,15992.6,16167.1,284294438,22994.38
12-May-22,16021.1,16041.95,15735.75,15808,314921678,25352.34
13-May-22,15977,16083.6,15740.85,15782.15,369135540,27454.12
16-May-22,15845.1,15977.95,15739.65,15842.3,217646558,17852.19
17-May-22,15912.6,16284.25,15900.8,16259.3,295687774,22782.99
18-May-22,16318.15,16399.8,16211.2,16240.3,290441105,23889.84
19-May-22,15917.4,15984.75,15775.2,15809.4,313876082,24340.84
20-May-22,16043.8,16283.05,16003.85,16266.15,252402013,22806.69
23-May-22,16290.95,16414.7,16185.75,16214.7,293829853,25110.85
24-May-22,16225.55,16262.8,16078.6,16125.15,249778296,21895.75
25-May-22,16196.35,16223.35,16006.95,16025.8,243342347,21400.14
26-May-22,16105,16204.45,15903.7,16170.15,314305739,27721.21
27-May-22,16296.6,16370.6,16221.95,16352.45,274064956,21341.98
30-May-22,16527.9,16695.5,16506.15,16661.4,251400757,21216.5
31-May-22,16578.45,16690.75,16521.9,16584.55,651613610,52929.35
01-Jun-22,16594.4,16649.2,16438.85,16522.75,249619038,19350.33
02-Jun-22,16481.65,16646.4,16443.05,16628,235958283,20055.84
03-Jun-22,16761.65,16793.85,16567.9,16584.3,245514871,22249.29
06-Jun-22,16530.7,16610.95,16444.55,16569.55,233589132,17999.41
07-Jun-22,16469.6,16487.25,16347.1,16416.35,233814633,17921.95
08-Jun-22,16474.95,16514.3,16293.35,16356.25,243481044,18336.15
09-Jun-22,16263.85,16492.8,16243.85,16478.1,204954394,16721.68
10-Jun-22,16283.95,16324.7,16172.6,16201.8,189680523,18388.03
13-Jun-22,15877.55,15886.15,15684,15774.4,225534385,20002.64
14-Jun-22,15674.25,15858,15659.45,15732.1,225425862,19825.41
15-Jun-22,15729.25,15783.65,15678.9,15692.15,183011236,16063.24
16-Jun-22,15832.25,15863.15,15335.1,15360.6,264735957,21383.06
17-Jun-22,15272.65,15400.4,15183.4,15293.5,342629997,29074
20-Jun-22,15334.5,15382.5,15191.1,15350.15,260022438,18531.78
21-Jun-22,15455.95,15707.25,15419.85,15638.8,262794687,18934.27
22-Jun-22,15545.65,15565.4,15385.95,15413.3,220889589,16817.07
23-Jun-22,15451.55,15628.45,15367.5,15556.65,259171810,21722.06
24-Jun-22,15657.4,15749.25,15619.45,15699.25,219599372,18259.72
27-Jun-22,15926.2,15927.45,15815.5,15832.05,210932505,17770.42
28-Jun-22,15757.45,15892.1,15710.15,15850.2,251865155,18419.75
29-Jun-22,15701.7,15861.6,15687.8,15799.1,444949551,22528.57
30-Jun-22,15774.5,15890,15728.85,15780.25,306027777,23970.65
01-Jul-22,15703.7,15793.95,15511.05,15752.05,364090131,25891.94
04-Jul-22,15710.5,15852.35,15661.8,15835.35,304328467,19875.22
05-Jul-22,15909.15,16025.75,15785.45,15810.85,254164463,19129.6
06-Jul-22,15818.2,16011.35,15800.9,15989.8,288375300,22836.77
07-Jul-22,16113.75,16150.5,16045.95,16132.9,264615218,21465.33
08-Jul-22,16273.65,16275.5,16157.9,16220.6,281102369,20990.69
11-Jul-22,16136.15,16248.55,16115.5,16216,255915072,20240.69
12-Jul-22,16126.2,16158.75,16031.15,16058.3,208648707,16042.52
13-Jul-22,16128.2,16140,15950.15,15966.65,233264100,19649.66
14-Jul-22,16018.85,16070.85,15858.2,15938.65,228603433,18858.83
15-Jul-22,16010.8,16066.95,15927.3,16049.2,205768079,17031.43
18-Jul-22,16151.4,16287.95,16142.2,16278.5,227744850,19420.93
19-Jul-22,16187.05,16359.5,16187.05,16340.55,222630928,18068.59
20-Jul-22,16562.8,16588,16490.95,16520.85,284359582,22061.81
21-Jul-22,16523.55,16626.95,16483.9,16605.25,243625339,20603.17
22-Jul-22,16661.25,16752.25,16610.9,16719.45,190906776,18600.11
25-Jul-22,16662.55,16706.05,16564.25,16631,211392171,19384.43
26-Jul-22,16632.9,16636.1,16463.3,16483.85,208208122,20087.54
27-Jul-22,16475.35,16653.45,16438.75,16641.8,185210970,17608.03
28-Jul-22,16774.85,16947.65,16746.25,16929.6,376256315,26674.28
29-Jul-22,17079.5,17172.8,17018.15,17158.25,436059722,28241.29
01-Aug-22,17243.2,17356.25,17154.8,17340.05,381532671,23221.04
02-Aug-22,17310.15,17390.15,17215.85,17345.45,333639093,22576.94
